Macro taxonomy,Category,Subcategory,Tool/Product name,Company/Vendor,Model basis/stack,Deployment/Access,Primary use case(s),Short factual description,Notes/limitations,Confidence,Primary sources (prioritized)
Communicate,General AI assistant,Consumer/work assistant chat,ChatGPT,OpenAI,"GPT‑5.2 (Instant/Thinking/Pro tiers in ChatGPT), multimodal + tool calling",SaaS (web/mobile/desktop); API (separate),General-purpose assistant for writing, analysis, coding, and multimodal tasks,ChatGPT is a user-facing AI assistant that provides conversational help across knowledge work and supports multimodal inputs and tool use.,Exact model availability varies by plan; older chats can be remapped to newer model equivalents.,High,https://openai.com/index/introducing-gpt-5-2/ | https://help.openai.com/en/articles/11909943-gpt-52-in-chatgpt
Create,Content creation,Image generation & editing,ChatGPT Images,OpenAI,"GPT Image family (e.g., gpt-image-1.5 / 1 / mini); natively multimodal language model for image generation",SaaS (ChatGPT); API (OpenAI image generation),Generate and edit images from prompts and context,ChatGPT includes an image generation experience powered by OpenAI’s GPT Image models supporting prompt-based creation and edits.,Model naming and rollout may change; usage limits differ by plan.,High,https://openai.com/index/new-chatgpt-images-is-here/ | https://developers.openai.com/api/docs/guides/image-generation/
Create,Content creation,Image generation (4o native),GPT‑4o Image Generation,OpenAI,GPT‑4o native image generation (multimodal),SaaS (ChatGPT); also referenced for Sora integration,"Prompt-to-image and image editing in chat",OpenAI describes GPT‑4o image generation as integrated with chat context and instruction following for practical visual creation and editing.,Not all users get same throughput; policy filters apply.,High,https://openai.com/index/introducing-4o-image-generation/
Create,Video,Text-to-video / image-to-video,Veo 3.1 (in Gemini),Google,"Veo 3.1 video generation model; multimodal; supports reference images",SaaS (Gemini app/web); API via Gemini API / Google AI Studio / Vertex AI,Generate short videos (incl. social formats) from prompts and images,Gemini provides video generation powered by Veo 3.1 including reference-image control and vertical generation options.,Availability varies by plan/region; output length/format constraints.,High,https://gemini.google/overview/video-generation/ | https://developers.googleblog.com/introducing-veo-3-1-and-new-creative-capabilities-in-the-gemini-api/
Create,Video,Video generation model,Veo 3,Google DeepMind,"Veo 3 video generation model (native audio + extended videos per vendor)",SaaS via Flow; models also surface via Gemini ecosystem,Video generation for creative production,DeepMind positions Veo as its video-generation model with creative controls and (for Veo 3) native audio capability.,"Specific capabilities depend on Veo version and access surface (Flow / API / app).",High,https://deepmind.google/models/veo/
Create,Image,Text-to-image / editing via API,Imagen (Gemini API),Google,"Imagen image generation model family; transformer-driven generative image model",API (Gemini API); also available via Gemini/Vertex AI surfaces,Generate high-fidelity images from text prompts,Google provides Imagen as a high-fidelity image generation model for text-to-image workflows in the Gemini API.,Primarily developer-facing API; end-user exposure depends on product integration.,High,https://ai.google.dev/gemini-api/docs/imagen | https://deepmind.google/models/imagen/
Create,Image,Native image generation & editing,Gemini 2.5 Flash Image (Nano Banana),Google,Gemini 2.5 Flash Image (preview) image generation/editing model,API (Gemini API / AI Studio / Vertex AI); SaaS (Gemini app) depending on plan,Generate and edit images with natural language and multi-image fusion,Google’s Gemini 2.5 Flash Image supports prompt-based image generation/editing plus multi-image fusion and world-knowledge-assisted creation.,"Model variant names and pricing can change; some access in preview.",High,https://developers.googleblog.com/introducing-gemini-2-5-flash-image/ | https://ai.google.dev/gemini-api/docs/image-generation
Create,Image,Text-to-image service,Midjourney V7,Midjourney, Inc.,"Proprietary image model (V7) with text+image prompting; architecture not disclosed publicly","SaaS (web + Discord interface)",Generate stylized and photorealistic images from prompts,"Midjourney’s V7 is the service’s image model version used for text/image prompts, with features like Draft Mode and Omni Reference.",Model architecture not disclosed; requires Midjourney access; usage is subscription-based.,High,https://docs.midjourney.com/hc/en-us/articles/32199405667853-Version | https://updates.midjourney.com/v7-is-now-the-default-model/
Create,Design,Template-based design with gen AI,Adobe Express AI Assistant,Adobe,"Firefly + third-party models (model router/selection by Adobe)","SaaS (web/mobile)",Generate and edit designs with natural-language prompts,Adobe Express includes an AI Assistant that lets users create and edit designs via conversational prompts powered by Firefly and partner models.,User cannot manually select underlying model; feature may be beta depending on account.,High,https://helpx.adobe.com/express/web/ai-assistant/adobe-express-ai-assistant-overview.html | https://www.adobe.com/express/ai
Create,Design,Generative media hub,Adobe Firefly,Adobe,"Firefly model family + partner models (e.g., OpenAI, Google) via Firefly","SaaS (web); integrated into Creative Cloud apps","Generate images/video/audio/design assets","Adobe Firefly is a generative AI app and model family for creating media assets; Adobe also integrates partner models into Firefly.",Not all generations are LLM-based; some are diffusion/other generative stacks (transformer components vary).,Medium,https://www.adobe.com/products/firefly.html | https://www.adobe.com/products/firefly/plans.html
Create,Documents,PDF Q&A and summarization,Acrobat AI Assistant,Adobe,"Generative AI (LLM) for Q&A and summarization; model(s) not fully disclosed publicly",SaaS + desktop/mobile app integration,"Ask questions and summarize PDFs with citations to document content",Adobe Acrobat AI Assistant enables question answering and summaries over PDFs and documents in Acrobat.,Availability differs by plan; model basis not fully specified on product page.,High,https://www.adobe.com/acrobat/generative-ai-pdf.html
Understand,Search/RAG,Answer engine / web research,Perplexity,Perplexity AI,"LLM-based answer engine (vendor does not fully disclose model stack on landing page)","SaaS (web/mobile); API platform available","Search the web and get synthesized answers","Perplexity positions itself as an AI-powered answer engine for real-time question answering with sourced responses.",Underlying LLM choices can vary; enterprise/legal issues around content licensing are ongoing industry-wide.,Medium,https://www.perplexity.ai/ | https://www.perplexity.ai/api-platform
Act,Browser/agentic assistants,AI browser with task automation,Comet,Perplexity AI,Perplexity AI assistant + agentic automation (LLM-based),Desktop browser (Chromium-based) + SaaS services,"Automate browsing tasks, research, and web actions","Comet is an AI-native browser by Perplexity with an embedded assistant and task automation features.",Access may be plan-gated/invite-only at times; agentic actions depend on site constraints.,Medium,https://www.perplexity.ai/comet/
Understand,Search/RAG,Enterprise search + assistant,Glean Assistant,Glean,"LLM-based assistant grounded in enterprise knowledge graph; specific model partners not fully enumerated on product page",SaaS,Enterprise search and answer generation over company knowledge,"Glean Assistant provides search and creation features over company and web knowledge with enterprise permissions.",Model basis not detailed per feature; verify tenant security/permission model in deployment.,High,https://www.glean.com/product/assistant | https://www.glean.com/
Act,Workflow automation / agentic assistants,Agent platform for enterprise work,Glean Agents,Glean,LLM-driven agents (agentic engine) over connected enterprise data,SaaS,Build and orchestrate agents to execute work across enterprise apps,"Glean positions its platform as supporting agents with orchestration and governance connected to enterprise data.",Specific LLM providers not disclosed in overview; function differs by plan.,Medium,https://www.glean.com/product/overview
Understand,Search/RAG,Chat + enterprise search inside collaboration,AI features in Slack (AI search / summaries),Slack,LLM-backed generative AI features across search summaries translations,SaaS (Slack),"Summarize, search, and generate recaps using workspace content","Slack provides built-in generative AI features including AI search answers based on permitted workspace messages/files and conversation summaries.",Vendor notes AI search answer data is not used to train LLMs; plan availability varies.,High,https://slack.com/help/articles/25076892548883-Guide-to-AI-features-in-Slack | https://slack.com/help/articles/31739993134867-Search-with-AI-in-Slack
Understand,Search/RAG,Enterprise search inside Slack,Slack enterprise search,Slack,AI-powered enterprise search + Slackbot search agent (LLM-based),SaaS (Slack Enterprise),Search across company tools and content sources from Slack,"Slack’s enterprise search aims to search across conversations and connected business tools, with an AI-powered agent experience.","Requires enterprise setup and connectors; may be limited by tool coverage and permissions.",Medium,https://slack.com/features/enterprise-search
Understand,Productivity,Document/file summarization,Microsoft 365 Copilot app,Microsoft,"Microsoft Copilot stack (uses frontier LLMs via Microsoft/OpenAI ecosystem; model routing varies)",SaaS (web app) desktop/mobile clients,"Create, upload, summarize, and collaborate on content; create agents",The Microsoft 365 Copilot app provides a hub for working with files generating content and setting up agents.,Plan/licensing controls capabilities; model basis not always disclosed at feature level.,High,https://support.microsoft.com/en-us/topic/welcome-to-the-microsoft-365-copilot-app-092599f1-5917-4bd6-bd59-58af628bbc39
Understand,Productivity,File summarization / Q&A,Summarize files with Copilot (OneDrive/SharePoint),Microsoft,Microsoft 365 Copilot (LLM-based),SaaS (OneDrive/SharePoint),Generate summaries and ask questions about files without opening them,Copilot in Microsoft 365 supports summarizing supported files and asking follow-up questions from the Copilot panel.,"Supported file types and feature availability vary; requires eligible licensing.",High,https://support.microsoft.com/en-us/office/summarize-your-files-with-copilot-10dcbe50-467d-4a61-9d5e-c98c77fd33a4
Understand,Productivity,Drive file/folder summaries & catch-up,Gemini in Google Drive,Google,"Gemini (LLM) integrated into Workspace; grounded on user’s Drive files + permissions","SaaS (Google Drive web)",Summarize and ask questions about files/folders; catch up on edits/comments,Google Drive includes Gemini-powered summaries and “catch me up” to identify and summarize recent file updates.,"Requires supported Workspace or consumer AI plan; features may be region/language limited.",High,https://support.google.com/drive/answer/16686465?hl=en | https://workspaceupdates.googleblog.com/2024/06/gemini-in-side-panel-of-google-docs-sheets-slides-drive.html
Understand,Productivity,Workspace side-panel assistant,Gemini side panel (Docs/Sheets/Slides/Drive),Google,Gemini (LLM),SaaS (Google Workspace),"Summarize, analyze, and generate content in the flow of work","Gemini in the Workspace side panel supports summarization analysis and generation using context from emails and documents without switching apps.",Requires admin enablement and plan eligibility.,High,https://workspaceupdates.googleblog.com/2024/06/gemini-in-side-panel-of-google-docs-sheets-slides-drive.html | https://support.google.com/a/users/answer/15146419?hl=en
Understand,Productivity,Universal search workspace,Dropbox Dash,Dropbox,"AI-powered universal search and answers (LLM-based); model stack not disclosed",SaaS + desktop app,Search and get answers across connected work apps and files,"Dropbox Dash provides AI-powered universal search and chat-like answers across connected apps and file types.","Some features may be regional/plan-limited; claims of future features may not be released yet.",High,https://dash.dropbox.com/ | https://dash.dropbox.com/features/universal-search
Understand,Document intelligence,Enterprise content Q&A,Box AI,Box,LLM-based secure RAG; supports multiple model vendors via platform integrations,SaaS; also AI-native APIs,Ask questions and generate insights from enterprise content,"Box AI is positioned as an enterprise AI platform for insights and content workflows on top of Box’s content management with secure RAG.",Exact model vendors vary by configuration and era; enterprises should review Box AI trust/privacy.,High,https://www.box.com/ai
Understand,Document intelligence,Structured extraction from documents,Box Extract,Box,Uses latest LLMs (including Google Gemini 3) + OCR + extraction-specific RAG,SaaS; exports to metadata / third-party systems,Extract structured data from unstructured documents at scale,Box Extract automates extraction of structured fields from documents using LLMs with OCR and dedicated extraction approaches.,"Availability depends on Box plan/feature release; extraction accuracy depends on document quality.",High,https://support.box.com/hc/en-us/articles/48235161543955-Announcing-Box-Extract-Jan-2026
Communicate,Meetings,In-meeting copilot,Copilot in Microsoft Teams meetings,Microsoft,Microsoft 365 Copilot (LLM-based) over meeting context,SaaS (Teams) + Copilot pane,"Summarize discussions, identify action items, answer questions during/after meetings","Copilot in Teams meetings can summarize key points and suggest action items in real time (with related transcript settings).",Some functions require transcription and licensing; data residency and policy controls vary.,High,https://support.microsoft.com/en-us/office/use-copilot-in-microsoft-teams-meetings-0bf9dd3c-96f7-44e2-8bb8-790bedf066b1
Communicate,Meetings,Intelligent recap,Intelligent recap for Microsoft Teams,Microsoft,AI-powered recap and highlights,SaaS (Teams Premium / Copilot ecosystem),"Post-meeting summaries, highlights, and follow-up efficiency","Microsoft documents Intelligent recap as an AI feature to help users access key meeting information and highlights after meetings.",Feature availability depends on product licensing and meeting configuration.,High,https://learn.microsoft.com/en-us/microsoftteams/intelligent-recap-calls-meetings
Communicate,Meetings,Meeting notetaker,Otter Meeting Agent / Otter.ai,Otter.ai,"AI transcription + summarization + chat (LLM use not fully specified on homepage)","SaaS (web/mobile); integrations with Zoom/Teams/Meet",Transcribe summarize and search meeting content,Otter is an AI notetaker providing transcription automated summaries and chat over meetings and recordings.,"Model basis not disclosed; transcription may be ASR models plus LLM summarization; verify privacy controls.",Medium,https://otter.ai/ | https://otter.ai/start-for-free
Communicate,Meetings,Meeting notetaker,Fireflies.ai,Fireflies.ai,AI transcription + summarization (LLM basis not specified on homepage),SaaS (web); browser extension; integrations,"Transcribe, summarize, and analyze calls and meetings",Fireflies positions itself as an AI notetaker to transcribe and summarize conversations across meeting platforms.,Underlying LLM stack not disclosed; rely on vendor trust/security posture for sensitive calls.,Medium,https://fireflies.ai/
Communicate,Meetings,Meeting summary + writing,Zoom AI Companion,Zoom,"AI assistant (LLM-based) for summarization, drafting, and agentic tasks; model not disclosed",SaaS (Zoom Workplace) + web interface,"Summarize meetings/chats, draft messages, capture insights",Zoom AI Companion provides summaries drafting and capture capabilities across Zoom and connected platforms.,Capabilities and limits differ by plan; vendor provides add-ons for customization.,High,https://www.zoom.com/en/products/ai-assistant/ | https://support.zoom.com/hc/en/article?id=zm_kb&sysparm_article=KB0058013
Understand,Data analysis & BI,BI copilot,Copilot for Power BI,Microsoft,Generative AI Copilot; integrates with Power BI/Fabric,SaaS (Power BI service); Desktop integration,"Create/edit reports, generate DAX, answer questions about data",Copilot for Power BI supports natural language interactions for analysis report creation and DAX generation.,"Page indicates some features preview and sovereign cloud limitations; admin enablement required.",High,https://learn.microsoft.com/en-us/power-bi/create-reports/copilot-introduction
Act,Data analysis & BI,Report generation,Create/edit Power BI reports with Copilot,Microsoft,Copilot for Power BI (LLM-based),SaaS + Desktop,"Generate report pages and visuals from prompts; narrative summaries",Microsoft documents prompting Copilot to generate report pages and narrative summaries in Power BI.,Requires proper semantic model prep; feature scope varies by tenant settings.,High,https://learn.microsoft.com/en-us/power-bi/create-reports/copilot-create-reports
Understand,Data analysis & BI,Analytics assistant,Databricks Assistant,Databricks,Context-aware AI assistant; uses Databricks-hosted models or partner-powered features,SaaS (Databricks workspaces) + notebooks/SQL editor/BI,"Write, explain, fix SQL/code; interact with data and dashboards",Databricks Assistant is a context-aware AI assistant embedded in notebooks and editors to help with data and code via conversation.,"Model source can change depending on 'Partner-powered AI' settings; enterprise governance applies.",High,https://docs.databricks.com/aws/en/notebooks/use-databricks-assistant
Understand,Data analysis & BI,Analytics assistant,Tableau Agent,Tableau (Salesforce),Generative AI assistant (Agentforce Trust Layer); model specifics not disclosed,"SaaS (Tableau Cloud) and server deployments","Support analytics workflow from prep to visualization via natural language",Tableau Agent is described as a generative AI assistant supporting stages of analytics via natural language.,"Specific LLM stack not disclosed; availability depends on Tableau/Salesforce setup.",High,https://www.tableau.com/products/tableau-agent
Understand,Data analysis & BI,Conversational analytics,ThoughtSpot (Agentic Analytics),ThoughtSpot,Natural language interface + generative AI; some Sage history references GPT integration,SaaS,"Ask questions in natural language and get governed answers from live data",ThoughtSpot positions its platform as natural-language analytics for governed answers and dashboards.,Model stack varies by deployment and product generation; verify whether Sage is current in tenant.,Medium,https://www.thoughtspot.com/
Understand,Legal,Legal research assistant,Westlaw Advantage / Edge (AI-Assisted Research),Thomson Reuters,"Generative + agentic AI workflows grounded in Westlaw content; LLM provider details not fully disclosed",SaaS,"Legal research Q&A, deep research workflows, AI-assisted drafting/analysis","Westlaw Advantage and Westlaw Edge provide AI-assisted research with verifiable results linked to Westlaw authority.",Subscription product; details by plan; model provider not exhaustively disclosed on landing page.,High,https://legal.thomsonreuters.com/en/products/westlaw-advantage | https://legal.thomsonreuters.com/en/products/westlaw-edge
Understand,Legal,GenAI legal assistant,CoCounsel Legal,Thomson Reuters,"Uses generative and agentic AI grounded in Westlaw/Practical Law; processes interactions with OpenAI GPT and Google Gemini per vendor FAQ",SaaS,"Legal research, analysis, and drafting with agentic workflows",CoCounsel Legal is an AI legal assistant that supports research drafting and document analysis with agentic workflows.,"Vendor notes data handling and zero-retention API calls; availability by subscription.",High,https://legal.thomsonreuters.com/en/products/cocounsel-legal | https://www.thomsonreuters.com/en/cocounsel
Understand,Legal,Legal drafting & research,Lexis+ AI,LexisNexis,"Powered by LexisNexis Protégé AI assistant + authoritative sources; model partners not fully listed on product page",SaaS,"Drafting, research, and analysis for legal workflows",Lexis+ AI combines an AI assistant with authoritative legal sources for drafting research and analysis workflows.,Subscription product; model provider details may be contract-dependent.,High,https://www.lexisnexis.com/en-us/products/lexis-plus-ai.page | https://www.lexisnexis.com/en-us/products/protege.page
Act,Legal,Specialized legal AI platform,Harvey Assistant,Harvey,Domain-specific/custom LLMs for legal/professional services,SaaS,"Draft and refine legal work product; research and workflows",Harvey provides AI designed for legal and professional services including drafting and workflow support.,Exact model stack varies by deployment; targeted at enterprise/legal teams.,High,https://www.harvey.ai/ | https://www.harvey.ai/products/assistant
Act,Security & IT operations,Security copilot,Microsoft Security Copilot,Microsoft,Generative AI + specialized security language model; uses OpenAI architecture per docs,SaaS (standalone + embedded in Defender/Sentinel/Intune etc.); plugin ecosystem,"Threat analysis, incident response, hunting, posture management",Microsoft Security Copilot is a generative AI security solution that provides natural-language assistance for security and IT workflows.,Requires provisioning (SCUs) or eligible licensing; operational data governance critical.,High,https://www.microsoft.com/en-us/security/business/ai-machine-learning/microsoft-security-copilot | https://learn.microsoft.com/en-us/copilot/security/microsoft-security-copilot
Act,Security & IT operations,Agentic cybersecurity analyst,Charlotte AI,CrowdStrike,LLM-powered conversations + agentic workflows over Falcon telemetry,SaaS (CrowdStrike Falcon platform),"SOC triage, investigation, and agentic SOAR",CrowdStrike positions Charlotte AI as the 'brain' of an agentic SOC providing LLM-powered chat and agentic workflows for triage and response.,Feature availability varies by Falcon modules; some items 'coming soon' per datasheet.,High,https://www.crowdstrike.com/en-us/platform/charlotte-ai/ | https://www.crowdstrike.com/content/dam/crowdstrike/marketing/en-us/documents/pdfs/data-sheets/crowdstrike-charlotte-ai-datasheet.pdf
Act,Security & IT operations,Security copilots,Palo Alto Networks Copilots,Palo Alto Networks,Precision AI-powered copilots; model specifics not fully disclosed,SaaS + embedded across product lines (Prisma/Strata/Cortex),Copilot guidance for cloud network and SOC workflows,Palo Alto Networks offers AI copilots for security operations and cloud/network security powered by Precision AI.,"LLM/provider details not fully enumerated; actual capabilities vary by product (Prisma/Strata/Cortex).",High,https://www.paloaltonetworks.com/precision-ai-security/copilots
Act,Security & IT operations,GenAI security analyst,Purple AI,SentinelOne,Generative AI security analyst experience; model basis not specified,SaaS (SentinelOne platform),"Threat hunting and SecOps assistance in natural language",SentinelOne’s Purple AI is positioned as a generative-AI powered analyst experience for security operations.,Model details not public; effectiveness depends on telemetry coverage and deployment context.,High,https://www.sentinelone.com/platform/purple/
Act,Workflow automation / agentic assistants,Build & publish agents,Microsoft Copilot Studio,Microsoft,"Agent platform over Copilot stack; supports agent building via natural language",SaaS (Copilot Studio); publish to Teams M365 Copilot web channels,Build and manage agents connected to business data,Microsoft Copilot Studio is a platform for building customizing and deploying AI agents across channels.,"Pricing uses tenant-wide licensing and usage credits; advanced features may be gated.",High,https://www.microsoft.com/en-us/microsoft-365-copilot/microsoft-copilot-studio | https://learn.microsoft.com/en-us/microsoft-copilot-studio/
Act,Workflow automation / agentic assistants,Agent builder in M365,Agent Builder in Microsoft 365 Copilot,Microsoft,Declarative agents (LLM-based) authored via natural language,SaaS (Microsoft 365 Copilot app),Create task-focused agents for internal workflows,Microsoft documents Agent Builder as a way to create declarative agents from within Microsoft 365 Copilot.,Capabilities vary by license; governance applies.,High,https://learn.microsoft.com/en-us/microsoft-365-copilot/extensibility/agent-builder-build-agents
Act,Workflow automation / agentic assistants,Automation-focused agents,Zapier Agents,Zapier,"LLM-driven agents integrated with automation across app ecosystem; model partners not specified",SaaS; browser extension (some features),Create agents that execute automation tasks across apps,"Zapier Agents are designed to automate tasks across Zapier’s app ecosystem with a shift toward automation as the primary focus.",Product positioning and features have changed over time; review current pricing and maintenance notices.,High,https://zapier.com/blog/zapier-agents-guide/ | https://help.zapier.com/hc/en-us/articles/36713413544845-Big-changes-to-Zapier-Agents-and-planned-maintenance
Act,Workflow automation / agentic assistants,Workflow-native GenAI,ServiceNow Now Assist,ServiceNow,"Generative AI + domain-specific models integrated into workflows; supports third-party model integrations",SaaS (ServiceNow platform),"Assist users with search, content generation, recommendations, self-service, and workflow actions",ServiceNow’s Now Assist combines generative AI with workflow automation using domain-specific models and integrations.,"Exact models depend on instance configuration and partners; governance and auditability are key.",High,https://www.servicenow.com/platform/now-assist.html | https://www.servicenow.com/docs/r/xanadu/intelligent-experiences/platform-now-assist-landing.html
Act,Workflow automation / agentic assistants,CRM/enterprise agent platform,Agentforce,Salesforce,"Agentic AI platform; multimodal support; model basis not fully disclosed on landing page",SaaS (Salesforce platform) + integrations,Build and deploy AI agents for customer/employee workflows,Salesforce positions Agentforce as a platform to build deploy and manage AI agents at scale across business functions.,"Model provider details vary; deep integration with Salesforce data and governance required.",High,https://www.salesforce.com/agentforce/ | https://www.salesforce.com/agentforce/what-is-new/
Act,Workflow automation / agentic assistants,Work management AI agents,Atlassian Rovo,Atlassian,AI search/chat/agents layer integrated with Atlassian cloud apps; model basis not specified,SaaS (Atlassian cloud),"Search, chat, and agents across Atlassian workflows and connected apps",Atlassian describes Rovo as AI that connects apps teams and workflows with richer context and skills across its platform.,Model stack not fully disclosed; features depend on Atlassian cloud and permissions.,High,https://www.atlassian.com/blog/announcements/team25-europe-rovo-everywhere | https://www.atlassian.com/blog/announcements/team25-rovo-for-all
Communicate,Customer support & contact centers,AI agent (customer self-service),Fin AI Agent,Intercom,Proprietary Fin AI Engine + LLM-based agent architecture,SaaS; deploy across channels (chat/email/social/voice),Resolve customer support queries automatically with safe handoff,"Fin is an AI agent designed to resolve customer service inquiries across channels, positioned as part of Intercom’s customer service platform.","Requires quality knowledge base and guardrails; performance depends on content coverage and escalation design.",High,https://fin.ai/ | https://www.intercom.com/help/en/articles/7120684-fin-ai-agent-explained
Communicate,Customer support & contact centers,Contact center copilot,Genesys Cloud Copilots,Genesys,AI copilot capabilities (LLM use implied; not fully disclosed on capability page),SaaS (Genesys Cloud),Assist contact center users with knowledge and automation in natural language,Genesys Cloud Copilot is positioned as conversational assistance that surfaces critical knowledge in the contact center.,Model basis not disclosed; implementations vary by module and configuration.,Medium,https://www.genesys.com/capabilities/copilots
Communicate,Customer support & contact centers,CX AI platform,CXone Mpower,NICE,"AI agents enhanced with LLMs; vendor references LLMs powering AI agents for self-service",SaaS (CXone platform),Orchestrate human and AI agents across CX workflows,NICE positions CXone as an enterprise AI platform orchestrating human and AI agents for customer experience.,"Vendor marketing spans multiple AI types; verify which functions are LLM-driven in deployment.",Medium,https://www.nice.com/products/cxone | https://www.nice.com/products/ai-agents-for-self-service
Communicate,Sales & revenue ops,CRM assistant,Breeze Assistant,HubSpot,"HubSpot AI assistant (LLM-based; model basis not disclosed on help article)",SaaS (HubSpot),"Generate and refine content; summarize CRM data; meeting prep",Breeze Assistant is a conversational assistant in HubSpot for sales marketing and service teams to generate content and summarize data.,"Model stack not disclosed; best results depend on CRM data quality and governance.",High,https://www.hubspot.com/products/artificial-intelligence/breeze-ai-assistant | https://knowledge.hubspot.com/ai/use-breeze-assistant
Act,Sales & revenue ops,Revenue AI platform,Gong Revenue AI,Gong,"AI platform for capturing and analyzing revenue interactions; specific LLM stack not disclosed on landing page",SaaS,"Capture conversations and turn them into insights and automated workflows",Gong positions its platform as an AI operating system for revenue teams analyzing customer interactions to drive execution.,Model basis unclear publicly; features span ASR analytics and LLM summarization.,Medium,https://www.gong.io/platform/revenue-ai
Act,Sales & revenue ops,Revenue orchestration,Clari Revenue Orchestration Platform,Clari,"Predictive + generative AI (RevAI) per vendor; model basis not specified",SaaS,"Forecasting, pipeline inspection, execution workflows",Clari positions itself as a revenue orchestration platform that powers AI with revenue context to manage enterprise revenue workflows.,Model details not public; requires integrations with CRM/email/calendar.,Medium,https://www.clari.com/products/revenue-orchestration-platform/ | https://www.clari.com/
Act,Sales & revenue ops,Sales engagement + AI workflows,Outreach,Outreach,AI-powered revenue workflow platform; model basis not disclosed,SaaS,"AI-assisted prospecting, deal management, and workflow automation",Outreach positions itself as an AI revenue workflow platform with AI-powered sales engagement capabilities.,Model basis not specified; product spans multiple workflows beyond pure LLM functionality.,Medium,https://outreach.io/ | https://outreach.io/platform/sales-ai
Create,Marketing,Brand-safe copy and workflows,Jasper,Jasper,LLM-driven marketing agents/workflows; specific model providers not fully disclosed on homepage,SaaS,Generate marketing content with brand controls and specialized agents,Jasper is positioned as an agent workspace for marketing teams offering specialized AI agents and end-to-end content workflows.,Model basis not public; evaluate compliance/brand governance features per plan.,Medium,https://www.jasper.ai/ | https://www.jasper.ai/platform
Create,Marketing,Enterprise writing and agentic work,Writer (platform),Writer,"Palmyra family of LLMs (in-house) incl. long-context agentic models; transformer architecture referenced in AWS Bedrock listing",SaaS + API + integrations,"Enterprise writing, RFPs, comms, workflows",Writer provides an enterprise AI platform built around its Palmyra LLM family for agentic enterprise work.,"Some information varies by deployment; user-facing product plus developer/API surfaces.",High,https://writer.com/llms/ | https://aws.amazon.com/bedrock/writer/
Act,Marketing,GTM automation platform,Copy.ai,Copy.ai,"GTM AI platform with workflows/actions/agents (LLM-based; model basis not disclosed)",SaaS,Automate marketing and sales ops workflows with AI,Copy.ai positions its product as a GTM AI platform with workflows actions and agents for go-to-market teams.,Model basis not disclosed; ensure data connectors and governance meet requirements.,Medium,https://www.copy.ai/
Communicate,Education & training,AI tutor,Khanmigo,Khan Academy,LLM-based tutoring assistant (model not specified on landing page),SaaS (web),Personalized tutoring and teacher support,"Khanmigo is an AI-powered tutor and teaching assistant from Khan Academy, designed to guide learners rather than simply give answers.","Access may be paid for families and free for educators depending on region/eligibility; model basis not disclosed.",High,https://www.khanmigo.ai/ | https://www.khanmigo.ai/teachers
Communicate,Education & training,Language learning tutor,Duolingo Max,Duolingo,OpenAI GPT‑4 used for Max features (Roleplay Explain My Answer) per Duolingo blog,Mobile app (iOS/Android) + SaaS,Explain answers and practice roleplay conversations,Duolingo Max adds AI-powered learning features like Roleplay and Explain My Answer built with GPT‑4.,"Feature availability and exact underlying model may evolve; subscription tier required.",High,https://blog.duolingo.com/duolingo-max/
Communicate,Education & training,Learning assistant,Coursera Coach,Coursera,Generative AI assistant (LLM-based) anchored in Coursera content,SaaS (Coursera),"On-demand help, feedback, and guidance while taking courses",Coursera Coach provides interactive AI guidance tailored to learners’ goals and course content.,"Availability varies by course or subscription; model basis not specified.",High,https://www.coursera.org/explore/coach | https://blog.coursera.org/coursera-coach-leveraging-genai-to-empower-learners/
Create,Coding & software engineering,IDE code completion & chat,JetBrains AI Assistant,JetBrains,LLMs and agents supported by JetBrains; exact models vary by configuration,IDE plugin (JetBrains IDEs) + SaaS,"Code completion, explanations, commit messages, chat/agent modes",JetBrains AI Assistant provides AI-powered coding support including code explanation completion and chat/agent workflows inside JetBrains IDEs.,Exact LLM providers may vary; enterprise policies and telemetry settings matter.,High,https://www.jetbrains.com/help/ai-assistant/about-ai-assistant.html | https://www.jetbrains.com/help/ai-assistant/ai-chat.html
Create,Coding & software engineering,Developer agent/editor,Cursor,Anysphere,"Uses multiple frontier models; exact default can vary",Desktop app (AI code editor) + integrations,AI-assisted coding edits and debugging in an editor,Cursor is an AI-powered code editor aimed at accelerating development; model options vary over time and configuration.,Primary sources about exact model stack can be limited; treat specific model claims as configuration-dependent.,Low,https://www.wired.com/story/cursor-releases-new-ai-tool-for-debugging-code
Create,Coding & software engineering,Cloud developer assistant,Amazon Q Developer,Amazon Web Services,Generative AI assistant (LLM-based); model basis not fully disclosed on product page,SaaS + IDE extensions + AWS console,Code generation review and dev assistance across AWS workflows,Amazon Q Developer is AWS’s generative AI assistant for developers offered via AWS services and IDE integrations.,Model stack not disclosed; ensure extension security posture and versioning controls.,Medium,https://aws.amazon.com/q/developer/
Create,Coding & software engineering,Coding assistant,GitHub Copilot,GitHub,"Uses multiple model providers (OpenAI/Anthropic/Google) depending on configuration and policy",IDE plugin + GitHub UI (chat PRs etc.),Code completion chat assistance and code review support,GitHub Copilot provides AI assistance across developer workflows (inline completion and chat) and can support multiple models depending on admin settings.,Model availability changes over time; enterprises must manage policies around model access and data retention.,Medium,https://www.itpro.com/software/development/github-copilot-ai-model-deprecation-openai-anthropic-google
Understand,Research & science,Literature review assistant,Elicit,Elicit,LLM-based research assistant; model basis not stated on landing page,SaaS (web),Search summarize and extract evidence from scientific papers,Elicit supports searching and synthesizing scientific literature including summarization and data extraction from papers.,Model stack not disclosed; paper coverage and full-text access vary.,High,https://elicit.com/
Understand,Research & science,Academic search engine,Consensus,Consensus,Language-model-powered research synthesis; platform built on OpenAI GPT‑5 and Responses API for certain capabilities,SaaS (web),Find and synthesize peer-reviewed evidence with citations,Consensus is an AI academic search engine that uses language models to synthesize research and provide cited answers.,"Specific capabilities like multi-agent systems depend on feature set; licensing with publishers varies.",High,https://openai.com/index/consensus/ | https://consensus.app/home/blog/welcome-to-consensus/
Create,Research & science,AI-native writing workspace,Prism,OpenAI,Powered by GPT‑5.2 per OpenAI announcement,SaaS (workspace inside ChatGPT account ecosystem),Research writing and collaboration with AI assistance,OpenAI introduced Prism as an AI-native workspace for scientists to write and collaborate powered by GPT‑5.2.,Rollout may vary by ChatGPT plan; intended for scientific collaboration workflows.,High,https://openai.com/index/introducing-prism/
Understand,Research & science,AI research agent suite,SciSpace AI Research Agent,SciSpace,LLM-based copilot/agent over papers; model basis not specified on landing page,SaaS (web) + browser extensions + mobile,"Search and analyze papers; draft manuscripts and reviews",SciSpace positions itself as an AI research agent connecting tools to search and analyze a large corpus of papers.,Model stack not disclosed; verify citation quality and source access constraints.,Medium,https://scispace.com/
Act,Workflow automation / agentic assistants,Open-source agent framework,LangChain,LangChain (open source),Framework (model-provider agnostic) for building LLM-powered agents and RAG apps,Open-source library (Python/JS) + optional platform services,Build agentic apps and RAG pipelines in code,LangChain is an open-source framework and platform ecosystem for building LLM-powered applications and agents.,Not an end-user app; developer tool/platform; requires model provider.,High,https://github.com/langchain-ai/langchain
Act,Workflow automation / agentic assistants,Open-source data/RAG framework,LlamaIndex,LlamaIndex (open source),Framework to build document agents and data-augmented LLM apps,Open-source library + optional hosted services,Build RAG/agentic apps over your data,LlamaIndex provides an open-source framework for building agentic applications over data with optional hosted components.,Developer-focused; exact capabilities depend on chosen LLM/vector store.,High,https://github.com/run-llama/llama_index
Act,Workflow automation / agentic assistants,Open-source orchestration framework,Haystack,deepset (open source),Python framework for LLM apps RAG and agent workflows,Open-source library,Build production-ready RAG and agent pipelines,Haystack is an open-source framework for building LLM-powered applications including agents and RAG systems.,Developer tool; requires infrastructure and model selection.,High,https://github.com/deepset-ai/haystack | https://docs.haystack.deepset.ai/docs/intro
Act,LLM runtimes,Local model runner,Ollama,Ollama,Local runtime for running open models; supports APIs and integrations,Local app (macOS/Linux/Windows) + local API,Run LLMs locally for privacy and offline workflows,Ollama provides a local runtime and tooling for running open models on user hardware exposing an API for apps and agents.,Not strictly an end-user assistant unless paired with a UI; security requires network hardening to avoid exposed servers.,High,https://github.com/ollama/ollama | https://ollama.com/
Communicate,LLM UIs,Local chat UI,Open WebUI,Open WebUI (open source),Web UI for local/remote LLM backends (e.g. Ollama) with tools/function calling support,Open-source web app (self-hosted),Provide a user-facing chat UI for local/hosted models,Open WebUI is an open-source user interface for interacting with LLMs commonly used with local runners like Ollama.,Requires self-hosting and backend; security and access control is on the operator.,High,https://github.com/open-webui/open-webui
Create,Writing,Workspace writing assistant,Notion AI,Notion,"Uses multiple LLM providers (e.g., OpenAI, Anthropic) per vendor disclosures",SaaS (Notion web/desktop/mobile),"Draft, rewrite, summarize, and query workspace content",Notion AI provides writing and knowledge assistance embedded in Notion docs and workspace workflows.,Model providers can change; enterprise data permissions apply.,High,https://www.notion.so/product/ai
Create,Writing,Writing assistant & rewrite,Grammarly,Grammarly,LLM-based writing assistance (GrammarlyGO / assistant); model stack not fully disclosed publicly,Browser/desktop/mobile apps + integrations,"Rewrite, improve tone/clarity, generate drafts",Grammarly provides AI-assisted writing help from drafting to rewrites and tone suggestions across apps.,Some capabilities require paid tiers; model basis not fully specified on landing pages.,Medium,https://www.grammarly.com/
Create,Design,Template-based gen design suite,Canva Magic Studio,Canva,"LLM + generative media models across features; exact model mapping varies and includes partners",SaaS (web/mobile) + integrations,"Generate design assets, copy, and creative variants",Canva offers Magic Studio features that apply generative AI to design creation editing and writing workflows inside Canva.,Underlying model vendors vary by feature; verify commercial-use and brand controls for enterprise.,Medium,https://www.canva.com/magic/
Create,Audio,Text-to-speech / voice cloning,ElevenLabs,ElevenLabs,Proprietary speech generation models (transformer-based TTS likely; architecture not always disclosed),SaaS + API,Generate voiceovers and synthetic speech,ElevenLabs offers AI voice generation for text-to-speech and voice workflows.,Model architecture details may be limited; voice cloning has policy and consent requirements.,Medium,https://elevenlabs.io/
Create,Audio,Text-to-music generation,Suno,Suno,Proprietary generative music model (architecture not disclosed on main site),SaaS (web/mobile),Generate songs from prompts,Suno provides a consumer-facing interface to generate music from text prompts.,"Model stack not disclosed; rights, attribution, and commercial use depend on plan and policies.",Medium,https://suno.com/
Act,Security & IT operations,AI threat alert summarization,Box Shield AI Threat Analysis,Box,AI-generated plain-language summaries in threat alerts (LLM-based),SaaS (Box Shield Pro),Summarize security threat alerts for faster triage,Box Shield Pro includes AI Threat Analysis to generate plain-language summaries within Box threat alerts.,Feature depends on Shield Pro availability; summaries should be validated by analysts.,High,https://support.box.com/hc/en-us/articles/48452873935763-AI-Threat-Analysis-released-to-Box-Shield-Pro-Jan-2026
Understand,Search/RAG,SharePoint site/document agent,SharePoint agents,Microsoft,Microsoft 365 Copilot agents (LLM-based) over SharePoint content,SaaS (SharePoint),Ask questions and summarize documents across a SharePoint site/library,Microsoft documents SharePoint agents as a way to query and summarize site and document content via an agent interface.,Requires appropriate licensing and permissions; outputs should be verified for critical decisions.,High,https://support.microsoft.com/en-us/office/interact-with-sharepoint-agents-bda7dd7a-2498-49de-acd7-a830d6d9fb24
Communicate,General AI assistant,Team/enterprise chat assistant,Claude,Anthropic,"Claude model family (e.g., Sonnet series) + tool use; exact Tier varies by plan",SaaS (claude.com web); API; enterprise plans,"General assistant for writing, analysis, and work tasks",Anthropic’s Claude is a conversational AI assistant offered via web and enterprise plans marketed for professional work and coding/agents.,"Plan features (memory, limits) vary; model selection may change over time.",High,https://www.anthropic.com/ | https://claude.com/pricing
Communicate,General AI assistant,Consumer AI assistant,Gemini,Google,"Gemini model family; multimodal; includes Deep Research and media generation depending on plan",SaaS (web/mobile),General AI assistant with integration across Google products,Gemini is Google’s AI assistant providing writing planning and multimodal help with plan-based access to advanced capabilities like video generation.,Features vary by region and subscription.,High,https://gemini.google.com/ | https://apps.apple.com/us/app/google-gemini/id6477489729
Act,Operating system copilots,On-device AI assistant,Copilot on Windows,Microsoft,Copilot stack integrated into Windows experiences,OS feature (Windows devices) + SaaS,"Summarize, create, and analyze content in OS context",Microsoft positions Copilot on Windows as a built-in AI companion to help users find create summarize and analyze content.,Feature set depends on device class (e.g. Copilot+ PCs) and region; privacy settings apply.,Medium,https://www.microsoft.com/en-us/windows/learning-center/best-ai-pc-features-to-look-for-in-2026-a-beginners-guide
